{
  "vanilla": {
    "psnr": 25.838762283325195,
    "ssim": 0.8688033223152161,
    "usage": 1.0,
    "perplexity": 948.6664428710938,
    "trainpsnr": 26.981491088867188,
    "trainusage": 1.0,
    "trainperplexity": 942.72119140625,
    "wallsec": 1846.072639465332,
    "stepspersec": 6.392489519490338
  },
  "rotation": {
    "psnr": 21.394426345825195,
    "ssim": 0.6796191930770874,
    "usage": 0.361328125,
    "perplexity": 173.12042236328125,
    "trainpsnr": 23.78435516357422,
    "trainusage": 0.3642578125,
    "trainperplexity": 169.92762756347656,
    "wallsec": 1788.5829274654388,
    "stepspersec": 6.597960775977514
  },
  "fsq": {
    "psnr": 27.905609130859375,
    "ssim": 0.923935055732727,
    "usage": 0.12406250089406967,
    "perplexity": 4334.67138671875,
    "trainpsnr": 28.558269500732422,
    "trainusage": 0.10695312172174454,
    "trainperplexity": 4071.514892578125,
    "wallsec": 2205.0495023727417,
    "stepspersec": 5.35180728927017
  },
  "gumbel": {
    "psnr": 12.693171501159668,
    "ssim": 0.12384282797574997,
    "usage": 0.0107421875,
    "perplexity": 1.05865478515625,
    "trainpsnr": 12.758764266967773,
    "trainusage": 1.0,
    "trainperplexity": 1016.0001831054688,
    "wallsec": 1854.5219280719757,
    "stepspersec": 6.363365038378771
  },
  "rotste": {
    "psnr": 23.898897171020508,
    "ssim": 0.8077570796012878,
    "usage": 0.9990234375,
    "perplexity": 788.25732421875,
    "trainpsnr": 23.928258895874023,
    "trainusage": 0.998046875,
    "trainperplexity": 769.2677612304688,
    "wallsec": 281.4797501564026,
    "stepspersec": 6.753594171316837
  },
  "rotnorot": {
    "psnr": 23.854698181152344,
    "ssim": 0.8074088096618652,
    "usage": 1.0,
    "perplexity": 806.9999389648438,
    "trainpsnr": 23.878726959228516,
    "trainusage": 0.994140625,
    "trainperplexity": 793.4584350585938,
    "wallsec": 304.20310854911804,
    "stepspersec": 6.249114314007924
  },
  "rotnoresc": {
    "psnr": 20.556459426879883,
    "ssim": 0.6505705714225769,
    "usage": 0.18359375,
    "perplexity": 81.29904174804688,
    "trainpsnr": 20.51876449584961,
    "trainusage": 0.177734375,
    "trainperplexity": 87.21053314208984,
    "wallsec": 290.3082959651947,
    "stepspersec": 6.548211079120909
  },
  "rotfull": {
    "psnr": 20.726329803466797,
    "ssim": 0.6647428274154663,
    "usage": 0.4287109375,
    "perplexity": 102.06568145751953,
    "trainpsnr": 20.710617065429688,
    "trainusage": 0.4208984375,
    "trainperplexity": 105.11691284179688,
    "wallsec": 291.84212589263916,
    "stepspersec": 6.513795752362792
  },
  "rotent": {
    "psnr": 24.380659103393555,
    "ssim": 0.8430396318435669,
    "usage": 1.0,
    "perplexity": 1021.2288818359375,
    "trainpsnr": 24.977924346923828,
    "trainusage": 1.0,
    "trainperplexity": 1014.1802368164062,
    "wallsec": 1899.3237755298615,
    "stepspersec": 6.213263979548632
  },
  "rotlamA": {
    "psnr": 20.08802604675293,
    "ssim": 0.6190782189369202,
    "usage": 1.0,
    "perplexity": 912.0604248046875,
    "trainpsnr": 20.06761932373047,
    "trainusage": 1.0,
    "trainperplexity": 908.7598266601562,
    "wallsec": 305.5703635215759,
    "stepspersec": 6.221153053233754
  },
  "rotlamB": {
    "psnr": 20.228761672973633,
    "ssim": 0.6277539134025574,
    "usage": 1.0,
    "perplexity": 949.2171020507812,
    "trainpsnr": 20.203433990478516,
    "trainusage": 1.0,
    "trainperplexity": 940.8328857421875,
    "wallsec": 312.1097152233124,
    "stepspersec": 6.090806877446437
  },
  "rotlamC": {
    "psnr": 22.140932083129883,
    "ssim": 0.784432053565979,
    "usage": 1.0,
    "perplexity": 932.66455078125,
    "trainpsnr": 22.159202575683594,
    "trainusage": 1.0,
    "trainperplexity": 921.03857421875,
    "wallsec": 292.87703680992126,
    "stepspersec": 6.490778589902762
  }
}