{
  "vanilla": {
    "psnr": 25.838762283325195,
    "ssim": 0.8688033223152161,
    "usage": 1.0,
    "perplexity": 948.6664428710938,
    "trainpsnr": 26.981491088867188,
    "trainusage": 1.0,
    "trainperplexity": 942.72119140625,
    "wallsec": 1846.072639465332,
    "stepspersec": 6.392489519490338
  },
  "rotation": {
    "psnr": 21.394426345825195,
    "ssim": 0.6796191930770874,
    "usage": 0.361328125,
    "perplexity": 173.12042236328125,
    "trainpsnr": 23.78435516357422,
    "trainusage": 0.3642578125,
    "trainperplexity": 169.92762756347656,
    "wallsec": 1788.5829274654388,
    "stepspersec": 6.597960775977514
  },
  "fsq": {
    "trainpsnr": 22.072587966918945,
    "trainusage": 0.07443749904632568,
    "trainperplexity": 1348.03369140625,
    "wallsec": 159.10957074165344,
    "stepspersec": 5.034266614298051
  },
  "gumbel": {}
}